INSERT INTO `util_job_titles_safety_curriculums` (`id`, `utiljobtitles_id`, `utilsafetycurriculums_id`)
VALUES
	(74, 34, 75),
	(76, 34, 77),
	(78, 34, 79),
	(80, 34, 81),
	(82, 34, 83),
	(84, 34, 85),
	(86, 34, 87),
	(88, 34, 89),
	(90, 34, 91),
	(92, 34, 93),
	(94, 34, 95),
	(96, 34, 97),
	(103, 35, 104),
	(109, 35, 110),
	(115, 35, 116),
	(121, 35, 122),
	(127, 35, 128),
	(133, 35, 134),
	(139, 35, 140),
	(145, 35, 146),
	(151, 35, 152),
	(157, 35, 158),
	(163, 35, 164),
	(169, 35, 170),
	(75, 36, 76),
	(77, 36, 78),
	(79, 36, 80),
	(81, 36, 82),
	(83, 36, 84),
	(85, 36, 86),
	(87, 36, 88),
	(89, 36, 90),
	(91, 36, 92),
	(93, 36, 94),
	(95, 36, 96),
	(97, 36, 98),
	(102, 37, 103),
	(108, 37, 109),
	(114, 37, 115),
	(120, 37, 121),
	(126, 37, 127),
	(132, 37, 133),
	(138, 37, 139),
	(144, 37, 145),
	(150, 37, 151),
	(156, 37, 157),
	(162, 37, 163),
	(168, 37, 169),
	(62, 38, 63),
	(63, 38, 64),
	(64, 38, 65),
	(65, 38, 66),
	(66, 38, 67),
	(67, 38, 68),
	(68, 38, 69),
	(69, 38, 70),
	(70, 38, 71),
	(71, 38, 72),
	(72, 38, 73),
	(73, 38, 74),
	(7, 56, 8),
	(8, 56, 9),
	(9, 56, 10),
	(10, 56, 11),
	(11, 56, 12),
	(12, 56, 13),
	(13, 56, 14),
	(14, 56, 15),
	(15, 56, 16),
	(16, 56, 17),
	(17, 56, 18),
	(18, 56, 19),
	(19, 66, 20),
	(20, 66, 21),
	(21, 66, 22),
	(22, 66, 23),
	(23, 66, 24),
	(24, 66, 25),
	(25, 66, 26),
	(26, 66, 27),
	(27, 66, 28),
	(28, 66, 29),
	(29, 66, 30),
	(30, 66, 31),
	(31, 73, 32),
	(32, 73, 33),
	(33, 73, 34),
	(34, 73, 35),
	(35, 73, 36),
	(36, 73, 37),
	(37, 73, 38),
	(38, 73, 39),
	(39, 73, 40),
	(40, 73, 41),
	(41, 73, 42),
	(42, 73, 43),
	(98, 98, 99),
	(104, 98, 105),
	(110, 98, 111),
	(116, 98, 117),
	(122, 98, 123),
	(128, 98, 129),
	(134, 98, 135),
	(140, 98, 141),
	(146, 98, 147),
	(152, 98, 153),
	(158, 98, 159),
	(164, 98, 165),
	(2, 99, 3),
	(3, 99, 4),
	(4, 99, 5),
	(5, 99, 6),
	(6, 99, 7),
	(43, 99, 44),
	(44, 99, 45),
	(45, 99, 46),
	(46, 99, 47),
	(47, 99, 48),
	(48, 99, 49),
	(49, 99, 50),
	(170, 99, 171),
	(171, 99, 172),
	(172, 99, 173),
	(173, 99, 174),
	(174, 99, 175),
	(175, 99, 176),
	(176, 99, 177),
	(177, 99, 178),
	(178, 99, 179),
	(179, 99, 180),
	(180, 99, 181),
	(181, 99, 182),
	(50, 100, 51),
	(51, 100, 52),
	(52, 100, 53),
	(53, 100, 54),
	(54, 100, 55),
	(55, 100, 56),
	(56, 100, 57),
	(57, 100, 58),
	(58, 100, 59),
	(59, 100, 60),
	(60, 100, 61),
	(61, 100, 62),
	(99, 101, 100),
	(105, 101, 106),
	(111, 101, 112),
	(117, 101, 118),
	(123, 101, 124),
	(129, 101, 130),
	(135, 101, 136),
	(141, 101, 142),
	(147, 101, 148),
	(153, 101, 154),
	(159, 101, 160),
	(165, 101, 166),
	(101, 102, 102),
	(107, 102, 108),
	(113, 102, 114),
	(119, 102, 120),
	(125, 102, 126),
	(131, 102, 132),
	(137, 102, 138),
	(143, 102, 144),
	(149, 102, 150),
	(155, 102, 156),
	(161, 102, 162),
	(167, 102, 168),
	(100, 119, 101),
	(106, 119, 107),
	(112, 119, 113),
	(118, 119, 119),
	(124, 119, 125),
	(130, 119, 131),
	(136, 119, 137),
	(142, 119, 143),
	(148, 119, 149),
	(154, 119, 155),
	(160, 119, 161),
	(166, 119, 167);




INSERT INTO `util_job_titles` (`id`, `short_code`, `name`, `name_possessive`, `description`, `category_id`, `patient_file_access_id`, `exposure_to_chemicals_id`, `exposure_to_BBP_id`, `exposure_to_TB_id`, `requires_license_id`, `cpr_id`, `on_call_id`, `all_occupational_exposure_id`, `some_occupational_exposure_id`, `flsa_status_id`, `is_active`)
VALUES
	(1, 'staff_accountant', 'Staff Accountant', 'Staff Accountant\'s', NULL, 1, 0, 0, 0, 0, 1, 0, 0, NULL, NULL, 1, 1),
	(2, 'accounting_clerk', 'Accounting Clerk', 'Accounting Clerk\'s', NULL, 1, 0, 0, 0, 0, 0, 0, 0, NULL, NULL, 1, 1),
	(3, 'accounting_manager', 'Accounting Manager', 'Accounting Manager\'s', NULL, 1, 1, 0, 0, 0, 1, 0, 0, NULL, NULL, 2, 1),
	(4, 'accounts_payable_clerk', 'Accounts Payable Clerk', 'Accounts Payable Clerk\'s', NULL, 1, 0, 0, 0, 0, 0, 0, 0, NULL, NULL, 1, 1),
	(5, 'administrative_assistant', 'Administrative Assistant', 'Administrative Assistant\'s', NULL, 4, 1, 1, 1, 1, 0, 0, 0, NULL, NULL, 1, 1),
	(6, 'assistant_controller', 'Assistant Controller', 'Assistant Controller\'s', NULL, 1, 1, 0, 0, 0, 1, 0, 0, NULL, NULL, 2, 1),
	(7, 'director_of_operations', 'Director of Operations', 'Director of Operations\'', NULL, 2, 1, 0, 0, 0, 0, 0, 0, NULL, NULL, 2, 1),
	(8, 'assistive_technology_practitioner', 'Assistive Technology Practitioner', 'Assistive Technology Practitioner\'s', NULL, 3, 1, 1, 1, 1, 1, 1, 1, NULL, NULL, 1, 1),
	(9, 'assistive_technology_technician', 'Assistive Technology Technician', 'Assistive Technology Technician\'s', NULL, 3, 1, 1, 1, 1, 0, 0, 1, NULL, NULL, 1, 1),
	(10, 'billing_specialist_I', 'Billing Specialist I', 'Billing Specialist\'s', NULL, 5, 1, 0, 0, 0, 0, 0, 0, NULL, NULL, 1, 1),
	(11, 'billing_specialist_supervisor', 'Billing Specialist Supervisor', 'Billing Specialist Supervisor\'s', NULL, 5, 1, 0, 0, 0, 0, 0, 0, NULL, NULL, 2, 1),
	(12, 'bookkeeper', 'Bookkeeper', 'Bookkeeper\'s', NULL, 1, 0, 0, 0, 0, 0, 0, 0, NULL, NULL, 1, 1),
	(13, 'accounts_receivable_clerk', 'Accounts Receivable Clerk', 'Accounts Receivable Clerk\'s', NULL, 5, 1, 0, 0, 0, 0, 0, 0, NULL, NULL, 1, 1),
	(14, 'chief_compliance_officer', 'Chief Compliance Officer', 'Chief Compliance Officer\'s', NULL, 6, 1, 1, 1, 1, 0, 0, 0, NULL, NULL, 2, 1),
	(15, 'chief_executive_officer', 'Chief Executive Officer', 'Chief Executive Officer\'s', NULL, 2, 1, 0, 0, 0, 0, 0, 0, NULL, NULL, 2, 1),
	(16, 'chief_financial_officer', 'Chief Financial Officer', 'Chief Financial Officer\'s', NULL, 1, 0, 0, 0, 0, 1, 0, 0, NULL, NULL, 2, 1),
	(17, 'chief_technical_officer', 'Chief Technical Officer', 'Chief Technical Officer\'s', NULL, 20, 1, 0, 0, 0, 0, 0, 0, NULL, NULL, 2, 1),
	(18, 'chief_operating_officer', 'Chief Operating Officer', 'Chief Operating Officer\'s', NULL, 2, 1, 0, 0, 0, 0, 0, 0, NULL, NULL, 2, 1),
	(19, 'administrative_services_supervisor', 'Administrative Services Supervisor', 'Administrative Services Supervisor\'s', NULL, 4, 1, 0, 0, 0, 0, 0, 0, NULL, NULL, 2, 1),
	(20, 'senior_controller', 'Senior Controller', 'Senior Controller\'s', NULL, 1, 0, 0, 0, 0, 1, 0, 0, NULL, NULL, 2, 1),
	(21, 'contract_administrator', 'Contract Administrator', 'Contract Administrator\'s', NULL, 11, 1, 0, 0, 0, 0, 0, 0, NULL, NULL, 2, 1),
	(22, 'collections_specialist', 'Collections Specialist', 'Collections Specialist\'s', NULL, 8, 1, 0, 0, 0, 0, 0, 0, NULL, NULL, 1, 1),
	(23, 'credit_and_collections_manager', 'Credit & Collections Manager', 'Credit & Collections Manager\'s', NULL, 8, 1, 0, 0, 0, 0, 0, 0, NULL, NULL, 1, 1),
	(24, 'customer_service_specialist_supervisor', 'Customer Service Specialist Supervisor', 'Customer Service Specialist Supervisor\'s', NULL, 9, 1, 1, 1, 1, 0, 0, 0, NULL, NULL, 2, 1),
	(25, 'customer_service_specialist_I', 'Customer Service Specialist I', 'Customer Service Specialist\'s', NULL, 9, 1, 1, 1, 1, 0, 0, 0, NULL, NULL, 1, 1),
	(26, 'customer_service_specialist_II', 'Customer Service Specialist II', 'Customer Service Specialist\'s', NULL, 9, 1, 1, 1, 1, 0, 0, 0, NULL, NULL, 1, 1),
	(27, 'delivery_driver_technician_I', 'Delivery Driver Technician I', 'Delivery Driver Technician\'s', NULL, 10, 1, 1, 1, 1, 0, 0, 1, NULL, NULL, 1, 1),
	(28, 'delivery_driver_technician_II', 'Delivery Driver Technician II', 'Delivery Driver Technician\'s', NULL, 10, 1, 1, 1, 1, 1, 0, 1, NULL, NULL, 1, 1),
	(29, 'bereavement_coordinator', 'Bereavement Coordinator', 'Bereavement Coordinator\'s', NULL, 22, 1, 0, 0, 1, 0, 0, 1, NULL, NULL, 2, 1),
	(30, 'facilities_manager', 'Facilities Manager', 'Facilities Manager\'s', NULL, 16, 0, 1, 0, 0, 0, 0, 0, NULL, NULL, 2, 1),
	(31, 'account_executive', 'Account Executive', 'Account Executive\'s', NULL, 11, 1, 0, 0, 0, 0, 0, 0, NULL, NULL, 1, 1),
	(32, 'inventory_control_supervisor', 'Inventory Control Supervisor', 'Inventory Control Supervisor\'s', NULL, 7, 0, 0, 0, 0, 0, 0, 0, NULL, NULL, 2, 1),
	(33, 'inventory_control_specialist', 'Inventory Control Specialist', 'Inventory Control Specialist\'s', NULL, 7, 0, 0, 0, 0, 0, 0, 0, NULL, NULL, 1, 1),
	(34, 'licensed_vocation_nurse', 'Licensed Vocation Nurse', 'Licensed Vocation Nurse\'s', NULL, 3, 1, 1, 1, 1, 1, 1, 1, NULL, NULL, 1, 1),
	(35, 'registered_nurse', 'Registered Nurse', 'Registered Nurse\'s', NULL, 3, 1, 1, 1, 1, 1, 1, 1, NULL, NULL, 1, 1),
	(36, 'licensed_practical_nurse', 'Licensed Practical Nurse', 'Licensed Practical Nurse\'s', NULL, 3, 1, 1, 1, 1, 1, 1, 1, NULL, NULL, 1, 1),
	(37, 'nurse_practitioner', 'Nurse Practitioner', 'Nurse Practitioner\'s', NULL, 3, 1, 1, 1, 1, 1, 1, 1, NULL, NULL, 1, 1),
	(38, 'nurse_assistant', 'Nurse Assistant', 'Nurse Assistant\'s', NULL, 3, 1, 1, 1, 1, 1, 1, 1, NULL, NULL, 1, 1),
	(39, 'office_manager', 'Office Manager', 'Office Manager\'s', NULL, 2, 1, 1, 1, 1, 0, 0, 0, NULL, NULL, 2, 1),
	(40, 'orthotic_technician', 'Orthotic Technician', 'Orthotic Technician\'s', NULL, 3, 1, 1, 1, 1, 0, 0, 1, NULL, NULL, 1, 1),
	(41, 'certified_orthotist', 'Certified Orthotist', 'Certified Orthotist\'s', NULL, 3, 1, 1, 1, 1, 1, 1, 1, NULL, NULL, 1, 1),
	(42, 'payroll_and_timekeeping_clerk', 'Payroll and Timekeeping Clerk', 'Payroll and Timekeeping Clerk\'s', NULL, 14, 0, 0, 0, 0, 0, 0, 0, NULL, NULL, 1, 1),
	(43, 'payroll_manager', 'Payroll Manager', 'Payroll Manager\'s', NULL, 14, 0, 0, 0, 0, 0, 0, 0, NULL, NULL, 2, 1),
	(44, 'pharmacist', 'Pharmacist', 'Pharmacist\'s', NULL, 15, 1, 1, 1, 1, 1, 0, 1, NULL, NULL, 1, 1),
	(45, 'pharmacy_assistant', 'Pharmacy Assistant', 'Pharmacy Assistant\'s', NULL, 15, 1, 1, 1, 1, 0, 0, 0, NULL, NULL, 1, 1),
	(46, 'pharmacy_manager', 'Pharmacy Manager', 'Pharmacy Manager\'s', NULL, 15, 1, 1, 1, 1, 1, 0, 0, NULL, NULL, 2, 1),
	(47, 'pharmacy_technician', 'Pharmacy Technician', 'Pharmacy Technician\'s', NULL, 15, 1, 1, 1, 1, 1, 0, 1, NULL, NULL, 1, 1),
	(48, 'prosthetic_technician', 'Prosthetic Technician', 'Prosthetic Technician\'s', NULL, 3, 1, 1, 1, 1, 0, 0, 0, NULL, NULL, 1, 1),
	(49, 'certified_prosthetist', 'Certified Prosthetist', 'Certified Prosthetist\'s', NULL, 3, 1, 1, 1, 1, 1, 1, 1, NULL, NULL, 1, 1),
	(50, 'purchasing_assistant', 'Purchasing Assistant', 'Purchasing Assistant\'s', NULL, 7, 0, 1, 0, 0, 0, 0, 0, NULL, NULL, 1, 1),
	(51, 'purchasing_manager', 'Purchasing Manager', 'Purchasing Manager\'s', NULL, 7, 0, 1, 0, 0, 0, 0, 0, NULL, NULL, 2, 1),
	(52, 'finance_director', 'Finance Director', 'Finance Director\'s', NULL, 1, 0, 0, 0, 0, 0, 0, 0, NULL, NULL, 2, 1),
	(53, 'medical_records Clerk', 'Medical Records Clerk', 'Medical Records Clerk\'s', NULL, 4, 1, 0, 0, 0, 0, 0, 0, NULL, NULL, 1, 1),
	(54, 'medical_records Manager', 'Medical Records Manager', 'Medical Records Manager\'s', NULL, 4, 1, 0, 0, 0, 0, 0, 0, NULL, NULL, 2, 1),
	(55, 'regional_manager', 'Regional Manager', 'Regional Manager\'s', NULL, 2, 1, 1, 1, 1, 0, 0, 0, NULL, NULL, 2, 1),
	(56, 'registered_respiratory_therapist', 'Registered Respiratory Therapist', 'Registered Respiratory Therapist\'s', NULL, 3, 1, 1, 1, 1, 1, 1, 1, NULL, NULL, 1, 1),
	(57, 'safety_officer', 'Safety Officer', 'Safety Officer\'s', NULL, 16, 0, 1, 1, 0, 0, 0, 0, NULL, NULL, 1, 1),
	(58, 'accounts_receivable_manager', 'Accounts Receivable Manager', 'Accounts Receivable Manager\'s', NULL, 5, 1, 0, 0, 0, 0, 0, 0, NULL, NULL, 2, 1),
	(59, 'sales_representative', 'Sales Representative', 'Sales Representative\'s', NULL, 11, 0, 0, 0, 0, 0, 0, 0, NULL, NULL, 1, 1),
	(60, 'secretary', 'Secretary', 'Secretary\'s', NULL, 4, 0, 0, 0, 0, 0, 0, 0, NULL, NULL, 1, 1),
	(61, 'shipping_and_receiving_clerk', 'Shipping & Receiving Clerk', 'Shipping & Receiving Clerk\'s', NULL, 7, 0, 1, 0, 0, 0, 0, 0, NULL, NULL, 1, 1),
	(62, 'shipping_and_receiving_supervisor', 'Shipping & Receiving Supervisor', 'Shipping & Receiving Supervisor\'s', NULL, 7, 0, 1, 0, 0, 0, 0, 0, NULL, NULL, 2, 1),
	(63, 'general_manager', 'General Manager', 'General Manager\'s', NULL, 11, 1, 1, 1, 1, 0, 0, 1, NULL, NULL, 2, 1),
	(64, 'hme_retail_location_manager', 'HME Retail Location Manager', 'HME Retail Location Manager\'s', NULL, 2, 1, 1, 1, 1, 0, 0, 1, NULL, NULL, 2, 1),
	(65, 'case_manager', 'Case Manager', 'Case Manager\'s', NULL, 3, 1, 0, 0, 1, 1, 0, 0, NULL, NULL, 1, 1),
	(66, 'certified_respiratory_Therapist', 'Certified Respiratory Therapist', 'Certified Respiratory Therapist\'s', NULL, 3, 1, 1, 1, 1, 1, 1, 1, NULL, NULL, 1, 1),
	(67, 'executive_director', 'Executive Director', 'Executive Director\'s', NULL, 2, 1, 0, 0, 0, 0, 0, 0, NULL, NULL, 2, 1),
	(68, 'data_entry_technician', 'Data Entry Technician', 'Data Entry Technician\'s', NULL, 4, 1, 0, 0, 0, 0, 0, 0, NULL, NULL, 1, 1),
	(69, 'delivery_driver_supervisor', 'Delivery Driver Supervisor', 'Delivery Driver Supervisor\'s', NULL, 10, 1, 1, 1, 1, 1, 0, 1, NULL, NULL, 2, 1),
	(70, 'human_resources_director', 'Human Resources Director', 'Human Resources Director\'s', NULL, 13, 0, 0, 0, 0, 0, 0, 0, NULL, NULL, 2, 1),
	(71, 'equipment_cleaning_technician', 'Equipment Cleaning Technician', 'Equipment Cleaning Technician\'s', NULL, 10, 0, 1, 1, 0, 0, 0, 0, NULL, NULL, 1, 1),
	(72, 'equipment_repair_technician', 'Equipment Repair Technician', 'Equipment Repair Technician\'s', NULL, 12, 0, 1, 1, 0, 0, 0, 0, NULL, NULL, 1, 1),
	(73, 'respiratory_therapy_manager', 'Respiratory Therapy Manager', 'Respiratory Therapy Manager\'s', NULL, 3, 1, 1, 1, 1, 1, 1, 1, NULL, NULL, 2, 1),
	(74, 'rehabilitation_processing_assistant', 'Rehabilitation Processing Assistant', 'Rehabilitation Processing Assistant\'s', NULL, 3, 1, 1, 1, 1, 0, 0, 0, NULL, NULL, 1, 1),
	(75, 'education_director', 'Education Director', 'Education Director\'s', NULL, 17, 0, 0, 0, 0, 0, 0, 0, NULL, NULL, 2, 1),
	(76, 'billing_specialist_II', 'Billing Specialist II', 'Billing Specialist\'s', NULL, 5, 1, 0, 0, 0, 0, 0, 0, NULL, NULL, 1, 1),
	(77, 'privacy_officer', 'Privacy Officer', 'Privacy Officer\'s', NULL, 6, 1, 0, 0, 0, 0, 0, 0, NULL, NULL, 1, 1),
	(78, 'quality_assurance_director', 'Quality Assurance Director', 'Quality Assurance Director\'s', NULL, 18, 1, 0, 0, 0, 0, 0, 0, NULL, NULL, 2, 1),
	(79, 'quality_assurance_specialist', 'Quality Assurance Specialist', 'Quality Assurance Specialist\'s', NULL, 18, 1, 0, 0, 0, 0, 0, 0, NULL, NULL, 1, 1),
	(80, 'clinical_director', 'Clinical Director', 'Clinical Director\'s', NULL, 3, 1, 1, 1, 1, 1, 1, 1, NULL, NULL, 2, 1),
	(81, 'intake_coordinator', 'Intake Coordinator', 'Intake Coordinator\'s', NULL, 9, 1, 1, 1, 1, 0, 0, 0, NULL, NULL, 1, 1),
	(82, 'compliance_specialist', 'Compliance Specialist', 'Compliance Specialist\'s', NULL, 6, 1, 0, 0, 0, 0, 0, 0, NULL, NULL, 1, 1),
	(83, 'human_resources_assistant', 'Human Resources Assistant', 'Human Resources Assistant\'s', NULL, 13, 0, 0, 0, 0, 0, 0, 0, NULL, NULL, 1, 1),
	(84, 'cashier', 'Cashier', 'Cashier\'s', NULL, 19, 1, 1, 1, 1, 0, 0, 0, NULL, NULL, 1, 1),
	(85, 'cashier_manager', 'Cashier Manager', 'Cashier Manager\'s', NULL, 19, 1, 1, 1, 1, 0, 0, 0, NULL, NULL, 2, 1),
	(86, 'polysomnographic_technologist', 'Polysomnographic Technologist', 'Polysomnographic Technologist\'s', NULL, 3, 1, 1, 1, 1, 1, 1, 0, NULL, NULL, 1, 1),
	(87, 'polysomnographic_technician', 'Polysomnographic Technician', 'Polysomnographic Technician\'s', NULL, 3, 1, 1, 1, 1, 0, 0, 0, NULL, NULL, 1, 1),
	(88, 'certified_mastectomy_fitter', 'Certified Mastectomy Fitter', 'Certified Mastectomy Fitter\'s', NULL, 3, 1, 1, 1, 1, 1, 0, 0, NULL, NULL, 1, 1),
	(89, 'medical_director', 'Medical Director', 'Medical Director\'s', NULL, 3, 1, 1, 1, 1, 1, 1, 1, NULL, NULL, 2, 1),
	(90, 'registered_dietician', 'Registered Dietician', 'Registered Dietician\'s', NULL, 3, 1, 0, 1, 1, 1, 0, 0, NULL, NULL, 1, 1),
	(91, 'diabetes_educator', 'Diabetes Educator', 'Diabetes Educator\'s', NULL, 3, 1, 1, 1, 1, 1, 1, 0, NULL, NULL, 1, 1),
	(92, 'certified_pedorthist', 'Certified Pedorthist', 'Certified Pedorthist\'s', NULL, 3, 1, 1, 1, 1, 1, 1, 0, NULL, NULL, 1, 1),
	(93, 'physical_therapist', 'Physical Therapist', 'Physical Therapist\'s', NULL, 3, 1, 1, 1, 1, 1, 1, 1, NULL, NULL, 1, 1),
	(94, 'physical_therapy_technician', 'Physical Therapy Technician', 'Physical Therapy Technician\'s', NULL, 15, 1, 1, 1, 1, 0, 0, 0, NULL, NULL, 1, 1),
	(95, 'occupational_therapist', 'Occupational Therapist', 'Occupational Therapist\'s', NULL, 3, 1, 1, 1, 1, 1, 1, 0, NULL, NULL, 1, 1),
	(96, 'occupational_therapy_technician', 'Occupational Therapy Technician', 'Occupational Therapy Technician\'s', NULL, 3, 1, 1, 1, 1, 0, 0, 0, NULL, NULL, 1, 1),
	(97, 'enterostomal_therapist', 'Enterostomal Therapist', 'Enterostomal Therapist\'s', NULL, 3, 1, 1, 1, 1, 1, 1, 1, NULL, NULL, 1, 1),
	(98, 'certified_wound_care_nurse', 'Certified Wound Care Nurse', 'Certified Wound Care Nurse\'s', NULL, 3, 1, 1, 1, 1, 1, 1, 1, NULL, NULL, 1, 1),
	(99, 'home_health_aide', 'Home Health Aide', 'Home Health Aide\'s', NULL, 3, 1, 1, 1, 1, 1, 1, 1, NULL, NULL, 1, 1),
	(100, 'certified_nursing_assistant', 'Certified Nursing Assistant', 'Certified Nursing Assistant\'s', NULL, 3, 1, 1, 1, 1, 1, 0, 1, NULL, NULL, 1, 1),
	(101, 'clinical_manager, RN', 'Clinical Manager, RN', 'Clinical Manager\'s', NULL, 3, 1, 1, 1, 1, 1, 0, 1, NULL, NULL, 2, 1),
	(102, 'mental_health, RN', 'Mental Health, RN', 'Mental Health Nurse\'s', NULL, 3, 1, 1, 1, 1, 1, 1, 1, NULL, NULL, 1, 1),
	(103, 'accounts_payable_manager', 'Accounts Payable Manager', 'Accounts Payable Manager\'s', NULL, 1, 0, 0, 0, 0, 0, 0, 0, NULL, NULL, 2, 1),
	(104, 'security_officer', 'Security Officer', 'Security Officer\'s', NULL, 6, 1, 0, 0, 0, 0, 0, 0, NULL, NULL, 1, 1),
	(105, 'area_manager', 'Area Manager', 'Area Manager\'s', NULL, 2, 1, 1, 1, 1, 0, 0, 1, NULL, NULL, 2, 1),
	(106, 'medical_assistant', 'Medical Assistant', 'Medical Assistant\'s', NULL, 3, 1, 1, 1, 1, 0, 1, 1, NULL, NULL, 1, 1),
	(107, 'community_relations Director', 'Community Relations Director', 'Community Relations Director\'s', NULL, 11, 0, 0, 0, 0, 0, 0, 0, NULL, NULL, 2, 1),
	(108, 'discharge_planner', 'Discharge Planner', 'Discharge Planner\'s', NULL, 3, 1, 0, 1, 1, 1, 0, 0, NULL, NULL, 1, 1),
	(109, 'homemaker', 'Homemaker', 'Homemaker\'s', NULL, 21, 1, 1, 1, 1, 0, 0, 0, NULL, NULL, 1, 1),
	(110, 'hospice_chaplain', 'Hospice Chaplain', 'Hospice Chaplain\'s', NULL, 22, 1, 0, 1, 1, 1, 0, 1, NULL, NULL, 1, 1),
	(111, 'infusion_therapy Coordinator', 'Infusion Therapy Coordinator', 'Infusion Therapy Coordinator\'s', NULL, 3, 1, 1, 1, 1, 1, 1, 1, NULL, NULL, 2, 1),
	(112, 'medical_social_worker', 'Medical Social Worker', 'Medical Social Worker\'s', NULL, 3, 1, 1, 1, 1, 1, 0, 1, NULL, NULL, 1, 1),
	(113, 'patient_care_coordinator', 'Patient Care Coordinator', 'Patient Care Coordinator\'s', NULL, 3, 1, 1, 1, 1, 1, 1, 1, NULL, NULL, 2, 1),
	(114, 'social_services_supervisor', 'Social Services Supervisor', 'Social Services Supervisor\'s', NULL, 3, 1, 0, 0, 0, 1, 0, 1, NULL, NULL, 2, 1),
	(115, 'speech_therapist', 'Speech Therapist', 'Speech Therapist\'s', NULL, 3, 1, 0, 1, 1, 1, 1, 0, NULL, NULL, 1, 1),
	(116, 'volunteer', 'Volunteer', 'Volunteer\'s', NULL, 21, 0, 0, 1, 1, 0, 0, 0, NULL, NULL, 1, 1),
	(117, 'volunteer_coordinator', 'Volunteer Coordinator', 'Volunteer Coordinator\'s', NULL, 21, 0, 0, 1, 1, 0, 0, 0, NULL, NULL, 2, 1),
	(118, 'equipment_repair_manager', 'Equipment Repair Manager', 'Equipment Repair Manager\'s', NULL, 12, 0, 1, 1, 1, 0, 0, 1, NULL, NULL, 2, 1),
	(119, 'infection_control_nurse', 'Infection Control Nurse', 'Infection Control Nurse\'s', NULL, 3, 1, 1, 1, 1, 1, 1, 1, NULL, NULL, 1, 1),
	(120, 'infection_prevention_director', 'Infection Prevention Director', 'Infection Prevention Director\'s', NULL, 3, 1, 1, 1, 1, 1, 1, 1, NULL, NULL, 2, 1),
	(121, 'emergency_preparedness_officer', 'Emergency Preparedness Officer', 'Emergency Preparedness Officer\'s', NULL, 16, 0, 1, 1, 1, 0, 0, 1, NULL, NULL, 1, 1);


INSERT INTO `util_safety_curriculums` (`id`, `course_id`, `month_assigned`, `is_active`)
VALUES
	(3, 15, 6, 1),
	(4, 16, 7, 1),
	(5, 17, 1, 1),
	(6, 14, 5, 1),
	(7, 22, 8, 1),
	(8, 17, 1, 1),
	(9, 14, 2, 1),
	(10, 27, 3, 1),
	(11, 29, 4, 1),
	(12, 30, 5, 1),
	(13, 34, 6, 1),
	(14, 22, 7, 1),
	(15, 36, 8, 1),
	(16, 37, 9, 1),
	(17, 40, 10, 1),
	(18, 42, 11, 1),
	(19, 43, 12, 1),
	(20, 17, 1, 1),
	(21, 14, 2, 1),
	(22, 27, 3, 1),
	(23, 29, 4, 1),
	(24, 30, 5, 1),
	(25, 34, 6, 1),
	(26, 22, 7, 1),
	(27, 36, 8, 1),
	(28, 37, 9, 1),
	(29, 40, 10, 1),
	(30, 42, 11, 1),
	(31, 43, 12, 1),
	(32, 17, 1, 1),
	(33, 14, 2, 1),
	(34, 27, 3, 1),
	(35, 29, 4, 1),
	(36, 30, 5, 1),
	(37, 34, 6, 1),
	(38, 22, 7, 1),
	(39, 36, 8, 1),
	(40, 37, 9, 1),
	(41, 40, 10, 1),
	(42, 42, 11, 1),
	(43, 43, 12, 1),
	(44, 2, 2, 1),
	(45, 3, 3, 1),
	(46, 25, 4, 1),
	(47, 28, 9, 1),
	(48, 32, 10, 1),
	(49, 36, 11, 1),
	(50, 40, 12, 1),
	(51, 17, 1, 1),
	(52, 2, 2, 1),
	(53, 3, 3, 1),
	(54, 25, 4, 1),
	(55, 14, 5, 1),
	(56, 15, 6, 1),
	(57, 16, 7, 1),
	(58, 22, 8, 1),
	(59, 28, 9, 1),
	(60, 32, 10, 1),
	(61, 36, 11, 1),
	(62, 40, 12, 1),
	(63, 17, 1, 1),
	(64, 2, 2, 1),
	(65, 3, 3, 1),
	(66, 25, 4, 1),
	(67, 14, 5, 1),
	(68, 15, 6, 1),
	(69, 16, 7, 1),
	(70, 22, 8, 1),
	(71, 28, 9, 1),
	(72, 32, 10, 1),
	(73, 36, 11, 1),
	(74, 40, 12, 1),
	(75, 17, 1, 1),
	(76, 17, 1, 1),
	(77, 14, 2, 1),
	(78, 14, 2, 1),
	(79, 42, 3, 1),
	(80, 42, 3, 1),
	(81, 45, 4, 1),
	(82, 45, 4, 1),
	(83, 3, 5, 1),
	(84, 3, 5, 1),
	(85, 25, 6, 1),
	(86, 25, 6, 1),
	(87, 36, 7, 1),
	(88, 36, 7, 1),
	(89, 29, 8, 1),
	(90, 29, 8, 1),
	(91, 27, 9, 1),
	(92, 27, 9, 1),
	(93, 15, 10, 1),
	(94, 15, 10, 1),
	(95, 30, 11, 1),
	(96, 30, 11, 1),
	(97, 28, 12, 1),
	(98, 28, 12, 1),
	(99, 17, 1, 1),
	(100, 17, 1, 1),
	(101, 17, 1, 1),
	(102, 17, 1, 1),
	(103, 17, 1, 1),
	(104, 17, 1, 1),
	(105, 14, 2, 1),
	(106, 14, 2, 1),
	(107, 14, 2, 1),
	(108, 14, 2, 1),
	(109, 14, 2, 1),
	(110, 14, 2, 1),
	(111, 27, 3, 1),
	(112, 27, 3, 1),
	(113, 27, 3, 1),
	(114, 27, 3, 1),
	(115, 27, 3, 1),
	(116, 27, 3, 1),
	(117, 40, 4, 1),
	(118, 40, 4, 1),
	(119, 40, 4, 1),
	(120, 40, 4, 1),
	(121, 40, 4, 1),
	(122, 40, 4, 1),
	(123, 3, 5, 1),
	(124, 3, 5, 1),
	(125, 3, 5, 1),
	(126, 3, 5, 1),
	(127, 3, 5, 1),
	(128, 3, 5, 1),
	(129, 42, 6, 1),
	(130, 42, 6, 1),
	(131, 42, 6, 1),
	(132, 42, 6, 1),
	(133, 42, 6, 1),
	(134, 42, 6, 1),
	(135, 45, 7, 1),
	(136, 45, 7, 1),
	(137, 45, 7, 1),
	(138, 45, 7, 1),
	(139, 45, 7, 1),
	(140, 45, 7, 1),
	(141, 41, 8, 1),
	(142, 41, 8, 1),
	(143, 41, 8, 1),
	(144, 41, 8, 1),
	(145, 41, 8, 1),
	(146, 41, 8, 1),
	(147, 34, 9, 1),
	(148, 34, 9, 1),
	(149, 34, 9, 1),
	(150, 34, 9, 1),
	(151, 34, 9, 1),
	(152, 34, 9, 1),
	(153, 36, 10, 1),
	(154, 36, 10, 1),
	(155, 36, 10, 1),
	(156, 36, 10, 1),
	(157, 36, 10, 1),
	(158, 36, 10, 1),
	(159, 37, 11, 1),
	(160, 37, 11, 1),
	(161, 37, 11, 1),
	(162, 37, 11, 1),
	(163, 37, 11, 1),
	(164, 37, 11, 1),
	(165, 15, 12, 1),
	(166, 15, 12, 1),
	(167, 15, 12, 1),
	(168, 15, 12, 1),
	(169, 15, 12, 1),
	(170, 15, 12, 1),
	(171, 17, 1, 1),
	(172, 2, 2, 1),
	(173, 3, 3, 1),
	(174, 16, 4, 1),
	(175, 15, 5, 1),
	(176, 14, 6, 1),
	(177, 25, 7, 1),
	(178, 22, 8, 1),
	(179, 28, 9, 1),
	(180, 32, 10, 1),
	(181, 36, 11, 1),
	(182, 40, 12, 1);


	INSERT INTO `curriculums` (`id`, `courses_id`, `job_titles_id`, `number_of_days`)
VALUES
	(3, 9, 99, 0),
	(4, 7, 99, 0),
	(5, 13, 99, 1),
	(6, 8, 99, 5),
	(8, 10, 99, 4),
	(10, 13, 3, 3),
	(12, 6, 99, 5),
	(14, 11, 99, 6),
	(15, 5, 31, 7),
	(16, 19, 99, 8),
	(17, 12, 99, 15);

	INSERT INTO `curriculums` (`id`, `courses_id`, `number_of_days`)
VALUES
	(3, 9, 0),
	(4, 7, 0),
	(5, 13, 1),
	(6, 8, 5),
	(8, 10, 4),
	(10, 13, 3),
	(12, 6, 5),
	(14, 11, 6),
	(15, 5, 7),
	(16, 19, 8),
	(17, 12, 15);


